Mapping_ID,Location_Code,State_Code,Source_State,Source_Location,UI_Display_Value,Location_Type,Is_Active,Mapping_Type,Match_Normalization
LM_001,LOC_AP_ROAP,ST_AP,ANDHARA PRADESH,ROAP,ROAP,REST_OF_STATE,Y,DIRECT_EXACT,CASE_INSENSITIVE_TRIM
LM_002,LOC_AP_VIJAYAWADA,ST_AP,ANDHARA PRADESH,VIJAYAWADA,VIJAYAWADA,NAMED_LOCATION,Y,DIRECT_EXACT,CASE_INSENSITIVE_TRIM
LM_003,LOC_AP_VIZAG,ST_AP,ANDHARA PRADESH,VIZAG,VIZAG,NAMED_LOCATION,Y,DIRECT_EXACT,CASE_INSENSITIVE_TRIM
LM_004,LOC_AS_GUWAHATI,ST_AS,ASSAM,GUWAHATI,GUWAHATI,NAMED_LOCATION,Y,DIRECT_EXACT,CASE_INSENSITIVE_TRIM
LM_005,LOC_AS_ROASSAM,ST_AS,ASSAM,ROASSAM,ROASSAM,REST_OF_STATE,Y,DIRECT_EXACT,CASE_INSENSITIVE_TRIM
LM_006,LOC_BR_PATNA,ST_BR,BIHAR,PATNA,PATNA,NAMED_LOCATION,Y,DIRECT_EXACT,CASE_INSENSITIVE_TRIM
LM_007,LOC_BR_ROBH,ST_BR,BIHAR,ROBH,ROBH,REST_OF_STATE,Y,DIRECT_EXACT,CASE_INSENSITIVE_TRIM
LM_008,LOC_CH_CHANDIGARH,ST_CH,CHANDIGARH,CHANDIGARH,CHANDIGARH,NAMED_LOCATION,Y,DIRECT_EXACT,CASE_INSENSITIVE_TRIM
LM_009,LOC_CG_RAIPUR,ST_CG,CHHATTISGARH,RAIPUR,RAIPUR,NAMED_LOCATION,Y,DIRECT_EXACT,CASE_INSENSITIVE_TRIM
LM_010,LOC_CG_ROCG,ST_CG,CHHATTISGARH,ROCG,ROCG,REST_OF_STATE,Y,DIRECT_EXACT,CASE_INSENSITIVE_TRIM
LM_011,LOC_DL_DELHI_NCR,ST_DL,DELHI,DELHI NCR,DELHI NCR,NAMED_LOCATION,Y,DIRECT_EXACT,CASE_INSENSITIVE_TRIM
LM_012,LOC_GA_ALL,ST_GA,GOA,ALL,ALL,ALL_STATE,Y,DIRECT_EXACT,CASE_INSENSITIVE_TRIM
LM_013,LOC_GJ_AHMEDABAD,ST_GJ,GUJARAT,AHMEDABAD,AHMEDABAD,NAMED_LOCATION,Y,DIRECT_EXACT,CASE_INSENSITIVE_TRIM
LM_014,LOC_GJ_ROGJ,ST_GJ,GUJARAT,ROGJ,ROGJ,REST_OF_STATE,Y,DIRECT_EXACT,CASE_INSENSITIVE_TRIM
LM_015,LOC_GJ_SURAT,ST_GJ,GUJARAT,SURAT,SURAT,NAMED_LOCATION,Y,DIRECT_EXACT,CASE_INSENSITIVE_TRIM
LM_016,LOC_GJ_VADODARA,ST_GJ,GUJARAT,VADODARA,VADODARA,NAMED_LOCATION,Y,DIRECT_EXACT,CASE_INSENSITIVE_TRIM
LM_017,LOC_HR_GURGAON,ST_HR,HARYANA,GURGAON,GURGAON,NAMED_LOCATION,Y,DIRECT_EXACT,CASE_INSENSITIVE_TRIM
LM_018,LOC_HR_ROHR,ST_HR,HARYANA,ROHR,ROHR,REST_OF_STATE,Y,DIRECT_EXACT,CASE_INSENSITIVE_TRIM
LM_019,LOC_HP_ALL,ST_HP,HIMACHAL PRADESH,ALL,ALL,ALL_STATE,Y,DIRECT_EXACT,CASE_INSENSITIVE_TRIM
LM_020,LOC_JK_ALL,ST_JK,JAMMU & KASHMIR,ALL,ALL,ALL_STATE,Y,DIRECT_EXACT,CASE_INSENSITIVE_TRIM
LM_021,LOC_JH_RANCHI,ST_JH,JHARKHAND,RANCHI,RANCHI,NAMED_LOCATION,Y,DIRECT_EXACT,CASE_INSENSITIVE_TRIM
LM_022,LOC_JH_ROJH,ST_JH,JHARKHAND,ROJH,ROJH,REST_OF_STATE,Y,DIRECT_EXACT,CASE_INSENSITIVE_TRIM
LM_023,LOC_KA_BANGALORE,ST_KA,KARNATAKA,BANGALORE,BANGALORE,NAMED_LOCATION,Y,DIRECT_EXACT,CASE_INSENSITIVE_TRIM
LM_024,LOC_KA_MYSORE_MANGALORE_UDUPI_SHIMOGA,ST_KA,KARNATAKA,"Mysore,Mangalore,Udupi,Shimoga","Mysore,Mangalore,Udupi,Shimoga",GROUPED_LOCATIONS,Y,DIRECT_EXACT,CASE_INSENSITIVE_TRIM
LM_025,LOC_KA_ROKA,ST_KA,KARNATAKA,ROKA,ROKA,REST_OF_STATE,Y,DIRECT_EXACT,CASE_INSENSITIVE_TRIM
LM_026,LOC_KL_CALICUT,ST_KL,KERALA,CALICUT,CALICUT,NAMED_LOCATION,Y,DIRECT_EXACT,CASE_INSENSITIVE_TRIM
LM_027,LOC_KL_ROKERALA,ST_KL,KERALA,ROKERALA,ROKERALA,REST_OF_STATE,Y,DIRECT_EXACT,CASE_INSENSITIVE_TRIM
LM_028,LOC_MP_INDORE,ST_MP,MADHYA PRADESH,INDORE,INDORE,NAMED_LOCATION,Y,DIRECT_EXACT,CASE_INSENSITIVE_TRIM
LM_029,LOC_MP_ROMP,ST_MP,MADHYA PRADESH,ROMP,ROMP,REST_OF_STATE,Y,DIRECT_EXACT,CASE_INSENSITIVE_TRIM
LM_030,LOC_MH_MUMBAI,ST_MH,MAHARASHTRA,MUMBAI,MUMBAI,NAMED_LOCATION,Y,DIRECT_EXACT,CASE_INSENSITIVE_TRIM
LM_031,LOC_MH_NAGPUR,ST_MH,MAHARASHTRA,NAGPUR,NAGPUR,NAMED_LOCATION,Y,DIRECT_EXACT,CASE_INSENSITIVE_TRIM
LM_032,LOC_MH_PUNE,ST_MH,MAHARASHTRA,PUNE,PUNE,NAMED_LOCATION,Y,DIRECT_EXACT,CASE_INSENSITIVE_TRIM
LM_033,LOC_MH_ROMH,ST_MH,MAHARASHTRA,ROMH,ROMH,REST_OF_STATE,Y,DIRECT_EXACT,CASE_INSENSITIVE_TRIM
LM_034,LOC_OD_BHUBANESHWAR,ST_OD,ODISHA,BHUBANESHWAR,BHUBANESHWAR,NAMED_LOCATION,Y,DIRECT_EXACT,CASE_INSENSITIVE_TRIM
LM_035,LOC_OD_ROOD,ST_OD,ODISHA,ROOD,ROOD,REST_OF_STATE,Y,DIRECT_EXACT,CASE_INSENSITIVE_TRIM
LM_036,LOC_PB_LUDHIANA,ST_PB,PUNJAB,LUDHIANA,LUDHIANA,NAMED_LOCATION,Y,DIRECT_EXACT,CASE_INSENSITIVE_TRIM
LM_037,LOC_PB_ROPB,ST_PB,PUNJAB,ROPB,ROPB,REST_OF_STATE,Y,DIRECT_EXACT,CASE_INSENSITIVE_TRIM
LM_038,LOC_RJ_JAIPUR,ST_RJ,RAJASTHAN,JAIPUR,JAIPUR,NAMED_LOCATION,Y,DIRECT_EXACT,CASE_INSENSITIVE_TRIM
LM_039,LOC_RJ_RORJ,ST_RJ,RAJASTHAN,RORJ,RORJ,REST_OF_STATE,Y,DIRECT_EXACT,CASE_INSENSITIVE_TRIM
LM_040,LOC_TN_CHENNAI,ST_TN,TAMIL NADU,CHENNAI,CHENNAI,NAMED_LOCATION,Y,DIRECT_EXACT,CASE_INSENSITIVE_TRIM
LM_041,LOC_TN_COIMBATORE,ST_TN,TAMIL NADU,COIMBATORE,COIMBATORE,NAMED_LOCATION,Y,DIRECT_EXACT,CASE_INSENSITIVE_TRIM
LM_042,LOC_TN_ROTN,ST_TN,TAMIL NADU,ROTN,ROTN,REST_OF_STATE,Y,DIRECT_EXACT,CASE_INSENSITIVE_TRIM
LM_043,LOC_ARUNACHAL_PRADESH,ST_ARUNACHAL_PRADESH,ARUNACHAL PRADESH,ARUNACHAL PRADESH,ARUNACHAL PRADESH,STATE_SAME_AS_LOCATION,Y,DIRECT_EXACT,CASE_INSENSITIVE_TRIM
LM_044,LOC_TS_HYDRABAD,ST_TS,TELENGANA,HYDRABAD,HYDRABAD,NAMED_LOCATION,Y,DIRECT_EXACT,CASE_INSENSITIVE_TRIM
LM_045,LOC_MANIPUR,ST_MANIPUR,MANIPUR,MANIPUR,MANIPUR,STATE_SAME_AS_LOCATION,Y,DIRECT_EXACT,CASE_INSENSITIVE_TRIM
LM_046,LOC_TS_ROTS,ST_TS,TELENGANA,ROTS,ROTS,REST_OF_STATE,Y,DIRECT_EXACT,CASE_INSENSITIVE_TRIM
LM_047,LOC_MEGHALAYA,ST_MEGHALAYA,MEGHALAYA,MEGHALAYA,MEGHALAYA,STATE_SAME_AS_LOCATION,Y,DIRECT_EXACT,CASE_INSENSITIVE_TRIM
LM_048,LOC_UP_LUCKNOW,ST_UP,UTTAR PRADESH,LUCKNOW,LUCKNOW,NAMED_LOCATION,Y,DIRECT_EXACT,CASE_INSENSITIVE_TRIM
LM_049,LOC_MIZROM,ST_MIZROM,MIZROM,MIZROM,MIZROM,STATE_SAME_AS_LOCATION,Y,DIRECT_EXACT,CASE_INSENSITIVE_TRIM
LM_050,LOC_UP_ROUP,ST_UP,UTTAR PRADESH,ROUP,ROUP,REST_OF_STATE,Y,DIRECT_EXACT,CASE_INSENSITIVE_TRIM
LM_051,LOC_NAGALAND,ST_NAGALAND,NAGALAND,NAGALAND,NAGALAND,STATE_SAME_AS_LOCATION,Y,DIRECT_EXACT,CASE_INSENSITIVE_TRIM
LM_052,LOC_UK_ALL,ST_UK,UTTARKHAND,ALL,ALL,ALL_STATE,Y,DIRECT_EXACT,CASE_INSENSITIVE_TRIM
LM_053,LOC_SIKKIM,ST_SIKKIM,SIKKIM,SIKKIM,SIKKIM,STATE_SAME_AS_LOCATION,Y,DIRECT_EXACT,CASE_INSENSITIVE_TRIM
LM_054,LOC_WB_KOLKATTA,ST_WB,WESTBENGAL,KOLKATTA,KOLKATTA,NAMED_LOCATION,Y,DIRECT_EXACT,CASE_INSENSITIVE_TRIM
LM_055,LOC_TRIPURA,ST_TRIPURA,TRIPURA,TRIPURA,TRIPURA,STATE_SAME_AS_LOCATION,Y,DIRECT_EXACT,CASE_INSENSITIVE_TRIM
LM_056,LOC_WB_ROWB,ST_WB,WESTBENGAL,ROWB,ROWB,REST_OF_STATE,Y,DIRECT_EXACT,CASE_INSENSITIVE_TRIM
